﻿Name,Assign,Chapter,Comment,Thought,Type
Mel's Wow,Mel L,Chapter 2,,"""The net doesn't assign points based on your performance.  It provides feedback."" (Darby referencing Jose Brown, p. 38)
Formative feedback can be, should be, nonevaluative.  It should let students know where they are at and where they need to go - i.e. address the learning gap. In class activities (like Jamboards) can be an informal way and an opportunity to check their learning or even self-assess.",Wow
Mel's Wonder,Mel L,Chapter 2,,"On the idea of conditional release, Darby notes not to overdo it.  I wonder what's the sweet spot.  How many times can you use it?  What are the best approaches to using this strategically?",Wonder
Karen's Wow,,Chapter 1,,,Wow
Karen's Wonder,,Chapter 1,,,Wonder
Dave's Wow,,Chapter 1,,,Wow
Dave's Wonder,,Chapter 1,,,Wonder
Mel's Wow,,Chapter 1,,,Wow
Mel's Wonder,,Chapter 1,,,Wonder
Jeff's Wow,,Chapter 1,,,Wow
Jeff's Wonder,,Chapter 1,,,Wonder
Reza's Wow,,Chapter 1,,,Wow
Reza's Wonder,,Chapter 1,,,Wonder
Colin's wow,,Chapter 1,,,Wow
Colin's wonder,Colin Madland,Chapter 1,,,Wonder
"Scott's Wow and Wonder ",,Chapter 1,"Good point on ""social supports"" for orienting class.  Is there is a TIP guide we can develop for faculty.",,Wow
Jess' Wow & Wonder,,Chapter 1,,,Wow
Dave's Wow,,Chapter 2,,"I found the section on Conditional Release interesting - especially the research findings and the positive effect it has on student learning. It certainly highlights a strength of the online learning environment that is not easily replicated in a f2f class. ",Wow
Dave's Wonder,,Chapter 2,,"I wonder how the Conditional Release function can be more effectively leveraged to support some of the concepts of personalized feedback from Christina Bieber's presentation. In my breakout room many of the Faculty mentioned how it was just not possible to provide the type of engagement she suggested - I wonder how we can shift ""thinking"" so that faculty can understand that engagement does not have to be limited to just intensive one-on-one time and that we have these ""tools"" available to support student learning. ",Wonder
Karen's Wonder,Karen Roeck,Chapter 2,,"What is the secret sauce for helping faculty understand that providing regular formative feedback and guiding learning through engagement is not ""extra work"" on top of what ""really counts"" (their content)?",Wonder
Karen's Wow,Karen Roeck,Chapter 2,,"This chapter focuses on the teacher as ""guide on the side""  vs ""sage on the stage"" - a shift many of our faculty have not yet made. Darby outlines the importance of providing scaffolded guidance for students through creating ""to do"" checklists with instructions and deadlines, submitting drafts for formative feedback, providing dynamic feedback in response to class interactions (which will change with each iteration of the course), and synthesizing discussions with a concluding summary.",Wow
Jess' Wow,,Chapter 2,,,Wow
Jess' Wonder,,Chapter 2,,,Wonder
,,,,,